{
  "type": "minecraft:entity",
  "pools": [
    {
      "rolls": 1,
      "entries": [
        {
          "type": "minecraft:item",
          "functions": [
            {
              "function": "minecraft:set_count",
              "count": {
                "min": 0.0,
                "max": 2.0,
                "type": "minecraft:uniform"
              }
            },
            {
              "function": "minecraft:looting_enchant",
              "count": {
                "min": 0.0,
                "max": 1.0
              }
            }
          ],
          "name": "minecraft:rotten_flesh"
        }
      ]
    },
    {
      "rolls":1,
      "entries": [
        {
          "type": "minecraft:item",
          "functions": [
            {
              "function": "minecraft:set_count",
              "count": {
                "min": 4.0,
                "max": 16.0
              }
            },
            {
              "function":"minecraft:looting_enchant",
              "count":{
                "min": 1.0,
                "max": 4.0
              }
            }
          ],
          "name": "minecraft:prismarine_shard"
        }
      ]
    },
      {
        "rolls":1,
        "entries": [
          {
            "type": "minecraft:item",
            "functions": [
              {
                "function": "minecraft:set_count",
                "count": {
                  "min": 2.0,
                  "max": 8.0
                }
              },
              {
                "function":"minecraft:looting_enchant",
                "count":{
                  "min": 1.0,
                  "max": 4.0
                }
              }
            ],
            "name": "minecraft:prismarine_crystals"
          }
        ]
      },
    {
      "rolls": 1,
      "entries": [
        {
          "type": "minecraft:item",
          "name": "minecraft:gold_ingot"
        }
      ],
      "conditions": [
        {
          "condition": "minecraft:killed_by_player"
        },
        {
          "condition": "minecraft:random_chance_with_looting",
          "chance": 0.05,
          "looting_multiplier": 0.01
        }
      ]
    }
  ]
}