{
    "parent": "zqdl:zqdl/craft",
    "display": {
      "icon": {
        "item": "minecraft:water_bucket"
      },
      "title": {
        "translate": "\u00A71无聊透顶！"
      },
      "description": {
        "translate": "\u00A74烧干\u00A7l\u00A7a一桶\u00A79水"
      },
      "frame": "challenge",
      "show_toast":true,
      "announce_to_chat": true,
      "hidden": false
    },
    "rewards": {
      "experience": 1000
    },
    "criteria": {
      "borine": {
        "trigger": "minecraft:recipe_unlocked",
        "conditions": {
          "recipe": "zqdl:water_bucket"
        }
      }
    },
    "requirements": [
      [
        "borine"
      ]
    ]
  }