{
    "parent": "zqdl:zqdl/zqdl",
    "display": {
      "icon": {
        "item": "minecraft:crafting_table"
      },
      "title": {
        "translate": "更多合成！"
      },
      "description": {
        "translate": "意想不到的的合成方式"
      },
      "frame": "task",
      "show_toast":true,
      "announce_to_chat": false,
      "hidden": false
    },
    "rewards": {
      "recipes": [
        "zqdl:leather",
        "zqdl:water_bucket",
        "zqdl:heart_of_the_sea"
      ]
    },
    "criteria": {
      "8.18": {
        "trigger": "minecraft:inventory_changed",
        "conditions": {
          "items": [
            {
              "item": "minecraft:crafting_table"
            }
          ]
        }
      }
    },
    "requirements": [
      [
        "8.18"
      ]
    ]
  }