{
  "parent": "zqdl:zqdl/zqdl",
  "display": {
    "icon": {
      "item": "minecraft:egg"
    },
    "title": {
      "translate": "\u00A74高空抛物!"
    },
    "description": {
      "translate": "从\u00A72\u00A7l100\u00A75米的高空丢下\u00A72\u00A7l一颗鸡蛋\u00A75并砸中一只\u00A72\u00A7l鸡"
    },
    "frame": "challenge",
    "show_toast":true,
    "announce_to_chat": true,
    "hidden": false
  },
  "rewards": {
    "experience": 1000
  },
  "criteria": {
    "higher": {
      "trigger": "minecraft:player_hurt_entity",
      "conditions": {
        "damage":{
          "direct_entity":{
            "type":"minecraft:egg"
          }
        },
        "entity": {
          "type":"minecraft:chicken",
          "distance": {
            "absolute":{
              "min": 100
            }
          }
        }
      }
    }
  },
  "requirements": [
    [
      "higher"
    ]
  ]
}