{
    "type":"minecraft:crafting_shaped",
    "pattern": [
        "#1#",
        "2*3",
        "#4#"
    ],
    "key": {
        "#":{
            "item": "minecraft:blue_stained_glass"
        },
        "*":{
            "item": "minecraft:diamond"
        },
        "1":{
            "item": "minecraft:tropical_fish_bucket"
        },
        "2":{
            "item": "minecraft:salmon_bucket"
        },
        "3":{
            "item": "minecraft:pufferfish_bucket"
        },
        "4":{
            "item": "minecraft:cod_bucket"
        }
    },
    "result": {
        "count": 1,
        "item": "minecraft:heart_of_the_sea"
    }

}